postAtSpecificTime (YYYY-MM-DD HH:mm:ss),content,link (OGmetaUrl),imageUrls,gifUrl,videoUrls
,"An enquiry comes in. The team gets busy. The next step stays unclear.

We help businesses review what happens between that first message and a booked conversation: who replies, what gets followed up, and where AI can help.

Start by looking at one current workflow.

Book a 20-minute workflow review: [BOOKING_URL]",,,,
,"A shared inbox still needs a clear owner.

For each new enquiry, decide who responds, what a useful first reply includes, and when an unanswered message becomes a follow-up task.

We can help connect those steps in GoHighLevel so the next action is visible to the team.

Book a 20-minute workflow review: [BOOKING_URL]",,,,
,"Try this with one recent enquiry:

Where did it arrive? Who picked it up? What happened after the first reply? Was there a clear way to book? Was the outcome recorded?

If one answer is hard to find, you have a useful place to start improving the process.

Book a 20-minute workflow review: [BOOKING_URL]",,,,
,"What should your AI assistant do after it answers a question?

It might ask about the enquiry, save the context, offer a real meeting slot, or hand the conversation to a person.

We help define and test those actions so an agent has a useful role in the workflow.

Book a 20-minute workflow review: [BOOKING_URL]",,,,
,"An unfamiliar request. A pricing exception. A customer asking for a person.

Those situations need a clear handoff. Your assistant should pass on the context, notify the right owner, and stop replying while a person takes over.

We can review those handoff rules with your team.

Book a 20-minute workflow review: [BOOKING_URL]",,,,
,"Choose one repeated task before expanding your AI setup.

For example: handle an inbound enquiry, ask one qualifying question, and help the person book an available time.

Test the normal path, the failure path, and the handoff. Then decide what to improve next.

Book a 20-minute workflow review: [BOOKING_URL]",,,,
,"Who needs the service, what are they trying to improve, and why would your message matter today?

Those questions shape useful outreach. We help businesses define the audience, sharpen the message, and organise the follow-up around a clear offer.

Bring us one audience and one message to review.

Book a 20-minute workflow review: [BOOKING_URL]",,,,
,"A relevant outreach message makes the connection clear.

Use one verified business observation, explain why you’re reaching out, and ask one easy question. Avoid guessing about problems you haven’t seen.

We can help turn your offer into a short, specific message for the people you want to reach.

Book a 20-minute workflow review: [BOOKING_URL]",,,,
,"A follow-up can offer something new: a short checklist, a practical observation, or an answer to a likely question.

Keep it relevant to the original message. Stop the sequence when someone replies, books, or asks you to stop.

We help build that logic into your outreach process.

Book a 20-minute workflow review: [BOOKING_URL]",,,,
,"When someone is ready to talk, make the next step clear.

Show what the call is for, how long it takes, and which times are available. Send the correct confirmation and make rescheduling straightforward.

We review the full booking journey, including the steps after the form is submitted.

Book a 20-minute workflow review: [BOOKING_URL]",,,,
,"Views and clicks can help you understand attention. Also track what happens next.

How many people replied positively? How many relevant businesses booked? How many attended? What happened after the review?

We help connect those outcomes to the campaign so you can make a better decision about the next month.

Book a 20-minute workflow review: [BOOKING_URL]",,,,
,"If lead generation, follow-ups, or AI automation is on your list, start with one process.

In a complimentary 20-minute review, we’ll look at the current steps, identify the main friction point, and suggest a practical improvement.

Bring a real example of your workflow with customer details removed. We’ll take it from there.

Book a 20-minute workflow review: [BOOKING_URL]",,,,
